metric,value
TP,203.0
FP,40.0
TN,284275.0
FN,289.0
Accuracy,0.9988448317632642
Precision,0.8353909465020576
Recall,0.41260162601626016
F1_Score,0.5523809523809524
